operator,run,case,first_npu,workers,route,seed,iteration,warmup,ingress_bytes,egress_bytes,complete_us,directional_gb_s,status,correct
D,global_random,w2_random_expert_k2_s104729,0,2,random_expert_k2,104729,0,True,268435456,403996672,12492.961,32.337943903,0,True
D,global_random,w2_random_expert_k2_s104729,0,2,random_expert_k2,104729,1,False,268435456,403996672,12240.63,33.0045652879,0,True
D,global_random,w2_random_expert_k2_s104729,0,2,random_expert_k2,104729,2,False,268435456,403996672,12238.202,33.0111132338,0,True
D,global_random,w2_random_expert_k2_s104729,0,2,random_expert_k2,104729,3,False,268435456,403996672,12233.971,33.0225298066,0,True
D,global_random,w2_random_expert_k2_s17,0,2,random_expert_k2,17,0,True,268435456,405372928,12440.754,32.5842732683,0,True
D,global_random,w2_random_expert_k2_s17,0,2,random_expert_k2,17,1,False,268435456,405372928,12256.348,33.0745282363,0,True
D,global_random,w2_random_expert_k2_s17,0,2,random_expert_k2,17,2,False,268435456,405372928,12287.221,32.9914248307,0,True
D,global_random,w2_random_expert_k2_s17,0,2,random_expert_k2,17,3,False,268435456,405372928,12218.499,33.176982541,0,True
D,global_random,w2_random_expert_k4_s104729,0,2,random_expert_k4,104729,0,True,268435456,506642432,14968.364,33.8475488704,0,True
D,global_random,w2_random_expert_k4_s104729,0,2,random_expert_k4,104729,1,False,268435456,506642432,14662.971,34.5525086287,0,True
D,global_random,w2_random_expert_k4_s104729,0,2,random_expert_k4,104729,2,False,268435456,506642432,14681.622,34.5086143752,0,True
D,global_random,w2_random_expert_k4_s104729,0,2,random_expert_k4,104729,3,False,268435456,506642432,14658.113,34.5639600404,0,True
D,global_random,w2_random_expert_k4_s17,0,2,random_expert_k4,17,0,True,268435456,505511936,14871.031,33.9930658473,0,True
D,global_random,w2_random_expert_k4_s17,0,2,random_expert_k4,17,1,False,268435456,505511936,14661.161,34.4796661056,0,True
D,global_random,w2_random_expert_k4_s17,0,2,random_expert_k4,17,2,False,268435456,505511936,14706.329,34.3737676479,0,True
D,global_random,w2_random_expert_k4_s17,0,2,random_expert_k4,17,3,False,268435456,505511936,14668.82,34.4616633103,0,True
D,global_random,w4_random_expert_k2_s104729,0,4,random_expert_k2,104729,0,True,536870912,946700288,15761.403,60.0644681187,0,True
D,global_random,w4_random_expert_k2_s104729,0,4,random_expert_k2,104729,1,False,536870912,946700288,15630.115,60.5689905672,0,True
D,global_random,w4_random_expert_k2_s104729,0,4,random_expert_k2,104729,2,False,536870912,946700288,15655.213,60.4718880542,0,True
D,global_random,w4_random_expert_k2_s104729,0,4,random_expert_k2,104729,3,False,536870912,946700288,15565.213,60.8215440418,0,True
D,global_random,w4_random_expert_k2_s17,0,4,random_expert_k2,17,0,True,536870912,947126272,15777.06,60.0318609424,0,True
D,global_random,w4_random_expert_k2_s17,0,4,random_expert_k2,17,1,False,536870912,947126272,15641.25,60.5531061776,0,True
D,global_random,w4_random_expert_k2_s17,0,4,random_expert_k2,17,2,False,536870912,947126272,15585.343,60.7703193956,0,True
D,global_random,w4_random_expert_k2_s17,0,4,random_expert_k2,17,3,False,536870912,947126272,15597.502,60.7229460205,0,True
D,global_random,w4_random_expert_k4_s104729,0,4,random_expert_k4,104729,0,True,536870912,1488912384,23487.585,63.3914633625,0,True
D,global_random,w4_random_expert_k4_s104729,0,4,random_expert_k4,104729,1,False,536870912,1488912384,23270.779,63.9820602482,0,True
D,global_random,w4_random_expert_k4_s104729,0,4,random_expert_k4,104729,2,False,536870912,1488912384,23336.072,63.8030420887,0,True
D,global_random,w4_random_expert_k4_s104729,0,4,random_expert_k4,104729,3,False,536870912,1488912384,23235.289,64.0797876024,0,True
D,global_random,w4_random_expert_k4_s17,0,4,random_expert_k4,17,0,True,536870912,1487962112,23602.507,63.0425450991,0,True
D,global_random,w4_random_expert_k4_s17,0,4,random_expert_k4,17,1,False,536870912,1487962112,23325.064,63.7924128311,0,True
D,global_random,w4_random_expert_k4_s17,0,4,random_expert_k4,17,2,False,536870912,1487962112,23231.111,64.0504068876,0,True
D,global_random,w4_random_expert_k4_s17,0,4,random_expert_k4,17,3,False,536870912,1487962112,23301.532,63.8568361943,0,True
D,isolated_plane,p0_random_k2_gpu2,0,4,random_k2_gpu2,20260909,0,True,536870912,1073741824,17708.787,60.6332790608,0,True
D,isolated_plane,p0_random_k2_gpu2,0,4,random_k2_gpu2,20260909,1,True,536870912,1073741824,17483.966,61.412943951,0,True
D,isolated_plane,p0_random_k2_gpu2,0,4,random_k2_gpu2,20260909,2,True,536870912,1073741824,17380.962,61.7768926714,0,True
D,isolated_plane,p0_random_k2_gpu2,0,4,random_k2_gpu2,20260909,3,False,536870912,1073741824,17422.097,61.6310323608,0,True
D,isolated_plane,p0_random_k2_gpu2,0,4,random_k2_gpu2,20260909,4,False,536870912,1073741824,17427.06,61.6134806445,0,True
D,isolated_plane,p0_random_k2_gpu2,0,4,random_k2_gpu2,20260909,5,False,536870912,1073741824,17359.864,61.8519721122,0,True
D,isolated_plane,p0_random_k2_gpu2,0,4,random_k2_gpu2,20260909,6,False,536870912,1073741824,17472.446,61.4534349684,0,True
D,isolated_plane,p0_random_k2_gpu2,0,4,random_k2_gpu2,20260909,7,False,536870912,1073741824,17390.115,61.7443774236,0,True
D,isolated_plane,p0_sym_k2_balanced,0,4,sym_k2_balanced,20260909,0,True,536870912,1073741824,15716.125,68.3210284978,0,True
D,isolated_plane,p0_sym_k2_balanced,0,4,sym_k2_balanced,20260909,1,True,536870912,1073741824,15519.408,69.1870349694,0,True
D,isolated_plane,p0_sym_k2_balanced,0,4,sym_k2_balanced,20260909,2,True,536870912,1073741824,15393.725,69.7519167063,0,True
D,isolated_plane,p0_sym_k2_balanced,0,4,sym_k2_balanced,20260909,3,False,536870912,1073741824,15497.78,69.2835892625,0,True
D,isolated_plane,p0_sym_k2_balanced,0,4,sym_k2_balanced,20260909,4,False,536870912,1073741824,15342.692,69.9839261585,0,True
D,isolated_plane,p0_sym_k2_balanced,0,4,sym_k2_balanced,20260909,5,False,536870912,1073741824,15465.946,69.4261976603,0,True
D,isolated_plane,p0_sym_k2_balanced,0,4,sym_k2_balanced,20260909,6,False,536870912,1073741824,15368.971,69.8642624806,0,True
D,isolated_plane,p0_sym_k2_balanced,0,4,sym_k2_balanced,20260909,7,False,536870912,1073741824,15294.779,70.203160438,0,True
D,isolated_plane,p8_random_k2_gpu2,8,4,random_k2_gpu2,20260909,0,True,536870912,1073741824,20140.531,53.3124883351,0,True
D,isolated_plane,p8_random_k2_gpu2,8,4,random_k2_gpu2,20260909,1,True,536870912,1073741824,19903.502,53.947381923,0,True
D,isolated_plane,p8_random_k2_gpu2,8,4,random_k2_gpu2,20260909,2,True,536870912,1073741824,19817.051,54.1827249675,0,True
D,isolated_plane,p8_random_k2_gpu2,8,4,random_k2_gpu2,20260909,3,False,536870912,1073741824,20024.615,53.6210970348,0,True
D,isolated_plane,p8_random_k2_gpu2,8,4,random_k2_gpu2,20260909,4,False,536870912,1073741824,19733.616,54.41181302,0,True
D,isolated_plane,p8_random_k2_gpu2,8,4,random_k2_gpu2,20260909,5,False,536870912,1073741824,19921.91,53.897534122,0,True
D,isolated_plane,p8_random_k2_gpu2,8,4,random_k2_gpu2,20260909,6,False,536870912,1073741824,19925.356,53.8882127878,0,True
D,isolated_plane,p8_random_k2_gpu2,8,4,random_k2_gpu2,20260909,7,False,536870912,1073741824,19979.539,53.7420720268,0,True
D,isolated_plane,p8_sym_k2_balanced,8,4,sym_k2_balanced,20260909,0,True,536870912,1073741824,19883.426,54.0018517935,0,True
D,isolated_plane,p8_sym_k2_balanced,8,4,sym_k2_balanced,20260909,1,True,536870912,1073741824,19737.754,54.4004056389,0,True
D,isolated_plane,p8_sym_k2_balanced,8,4,sym_k2_balanced,20260909,2,True,536870912,1073741824,19618.733,54.7304366699,0,True
D,isolated_plane,p8_sym_k2_balanced,8,4,sym_k2_balanced,20260909,3,False,536870912,1073741824,19592.364,54.8040973514,0,True
D,isolated_plane,p8_sym_k2_balanced,8,4,sym_k2_balanced,20260909,4,False,536870912,1073741824,19547.458,54.9299977521,0,True
D,isolated_plane,p8_sym_k2_balanced,8,4,sym_k2_balanced,20260909,5,False,536870912,1073741824,19723.298,54.4402778886,0,True
D,isolated_plane,p8_sym_k2_balanced,8,4,sym_k2_balanced,20260909,6,False,536870912,1073741824,19497.72,55.0701222502,0,True
D,isolated_plane,p8_sym_k2_balanced,8,4,sym_k2_balanced,20260909,7,False,536870912,1073741824,19588.594,54.8146448898,0,True
D,plane_b_formal,w2_random_k2_gpu2,8,2,random_k2_gpu2,20260909,0,True,268435456,536870912,14290.177,37.569227589,0,True
D,plane_b_formal,w2_random_k2_gpu2,8,2,random_k2_gpu2,20260909,1,True,268435456,536870912,14113.538,38.0394279592,0,True
D,plane_b_formal,w2_random_k2_gpu2,8,2,random_k2_gpu2,20260909,2,True,268435456,536870912,14138.079,37.9733987906,0,True
D,plane_b_formal,w2_random_k2_gpu2,8,2,random_k2_gpu2,20260909,3,False,268435456,536870912,14116.736,38.0308105216,0,True
D,plane_b_formal,w2_random_k2_gpu2,8,2,random_k2_gpu2,20260909,4,False,268435456,536870912,14129.86,37.9954870041,0,True
D,plane_b_formal,w2_random_k2_gpu2,8,2,random_k2_gpu2,20260909,5,False,268435456,536870912,14123.297,38.0131432484,0,True
D,plane_b_formal,w2_random_k2_gpu2,8,2,random_k2_gpu2,20260909,6,False,268435456,536870912,14117.503,38.0287443183,0,True
D,plane_b_formal,w2_random_k2_gpu2,8,2,random_k2_gpu2,20260909,7,False,268435456,536870912,14124.582,38.0096849592,0,True
D,plane_b_formal,w2_random_k2_gpu2,8,2,random_k2_gpu2,20260909,8,False,268435456,536870912,14110.935,38.0464449733,0,True
D,plane_b_formal,w2_random_k2_gpu2,8,2,random_k2_gpu2,20260909,9,False,268435456,536870912,14120.106,38.0217338312,0,True
D,plane_b_formal,w2_random_k2_gpu2,8,2,random_k2_gpu2,20260909,10,False,268435456,536870912,14124.826,38.009028359,0,True
D,plane_b_formal,w2_random_k2_gpu2,8,2,random_k2_gpu2,20260909,11,False,268435456,536870912,14114.667,38.0363852721,0,True
D,plane_b_formal,w2_random_k2_gpu2,8,2,random_k2_gpu2,20260909,12,False,268435456,536870912,14145.123,37.9544887662,0,True
D,plane_b_formal,w4_random_k2_gpu2,8,4,random_k2_gpu2,20260909,0,True,536870912,1073741824,20163.52,53.2517052578,0,True
D,plane_b_formal,w4_random_k2_gpu2,8,4,random_k2_gpu2,20260909,1,True,536870912,1073741824,20018.576,53.6372729009,0,True
D,plane_b_formal,w4_random_k2_gpu2,8,4,random_k2_gpu2,20260909,2,True,536870912,1073741824,20000.767,53.685032379,0,True
D,plane_b_formal,w4_random_k2_gpu2,8,4,random_k2_gpu2,20260909,3,False,536870912,1073741824,19844.799,54.1069639456,0,True
D,plane_b_formal,w4_random_k2_gpu2,8,4,random_k2_gpu2,20260909,4,False,536870912,1073741824,20006.533,53.6695600382,0,True
D,plane_b_formal,w4_random_k2_gpu2,8,4,random_k2_gpu2,20260909,5,False,536870912,1073741824,20019.955,53.6335782973,0,True
D,plane_b_formal,w4_random_k2_gpu2,8,4,random_k2_gpu2,20260909,6,False,536870912,1073741824,19892.587,53.976982682,0,True
D,plane_b_formal,w4_random_k2_gpu2,8,4,random_k2_gpu2,20260909,7,False,536870912,1073741824,19859.326,54.0673849656,0,True
D,plane_b_formal,w4_random_k2_gpu2,8,4,random_k2_gpu2,20260909,8,False,536870912,1073741824,19895.062,53.9702677981,0,True
D,plane_b_formal,w4_random_k2_gpu2,8,4,random_k2_gpu2,20260909,9,False,536870912,1073741824,20210.113,53.1289371811,0,True
D,plane_b_formal,w4_random_k2_gpu2,8,4,random_k2_gpu2,20260909,10,False,536870912,1073741824,20223.205,53.0945428284,0,True
D,plane_b_formal,w4_random_k2_gpu2,8,4,random_k2_gpu2,20260909,11,False,536870912,1073741824,19636.053,54.682161634,0,True
D,plane_b_formal,w4_random_k2_gpu2,8,4,random_k2_gpu2,20260909,12,False,536870912,1073741824,20036.535,53.5891971341,0,True
D,plane_b_formal,w4_random_k4_gpu2,8,4,random_k4_gpu2,20260909,0,True,536870912,1073741824,20584.996,52.1613812313,0,True
D,plane_b_formal,w4_random_k4_gpu2,8,4,random_k4_gpu2,20260909,1,True,536870912,1073741824,19981.104,53.7378627327,0,True
D,plane_b_formal,w4_random_k4_gpu2,8,4,random_k4_gpu2,20260909,2,True,536870912,1073741824,20211.848,53.1243765538,0,True
D,plane_b_formal,w4_random_k4_gpu2,8,4,random_k4_gpu2,20260909,3,False,536870912,1073741824,20098.6,53.4237122984,0,True
D,plane_b_formal,w4_random_k4_gpu2,8,4,random_k4_gpu2,20260909,4,False,536870912,1073741824,20197.331,53.1625601422,0,True
D,plane_b_formal,w4_random_k4_gpu2,8,4,random_k4_gpu2,20260909,5,False,536870912,1073741824,20267.137,52.9794525986,0,True
D,plane_b_formal,w4_random_k4_gpu2,8,4,random_k4_gpu2,20260909,6,False,536870912,1073741824,19912.649,53.9226008554,0,True
D,plane_b_formal,w4_random_k4_gpu2,8,4,random_k4_gpu2,20260909,7,False,536870912,1073741824,20275.314,52.9580860745,0,True
D,plane_b_formal,w4_random_k4_gpu2,8,4,random_k4_gpu2,20260909,8,False,536870912,1073741824,20021.947,53.6282422484,0,True
D,plane_b_formal,w4_random_k4_gpu2,8,4,random_k4_gpu2,20260909,9,False,536870912,1073741824,20100.708,53.4181096507,0,True
D,plane_b_formal,w4_random_k4_gpu2,8,4,random_k4_gpu2,20260909,10,False,536870912,1073741824,20395.594,52.6457735921,0,True
D,plane_b_formal,w4_random_k4_gpu2,8,4,random_k4_gpu2,20260909,11,False,536870912,1073741824,20162.082,53.2555032759,0,True
D,plane_b_formal,w4_random_k4_gpu2,8,4,random_k4_gpu2,20260909,12,False,536870912,1073741824,20191.686,53.1774228264,0,True
D,plane_b_formal,w4_random_k4_gpu4,8,4,random_k4_gpu4,20260909,0,True,536870912,2147483648,43218.53,49.688956288,0,True
D,plane_b_formal,w4_random_k4_gpu4,8,4,random_k4_gpu4,20260909,1,True,536870912,2147483648,32512.244,66.0515357845,0,True
D,plane_b_formal,w4_random_k4_gpu4,8,4,random_k4_gpu4,20260909,2,True,536870912,2147483648,32407.716,66.2645787195,0,True
D,plane_b_formal,w4_random_k4_gpu4,8,4,random_k4_gpu4,20260909,3,False,536870912,2147483648,35815.91,59.9589302073,0,True
D,plane_b_formal,w4_random_k4_gpu4,8,4,random_k4_gpu4,20260909,4,False,536870912,2147483648,39867.226,53.8658909451,0,True
D,plane_b_formal,w4_random_k4_gpu4,8,4,random_k4_gpu4,20260909,5,False,536870912,2147483648,35103.09,61.1764846912,0,True
D,plane_b_formal,w4_random_k4_gpu4,8,4,random_k4_gpu4,20260909,6,False,536870912,2147483648,36142.908,59.4164600148,0,True
D,plane_b_formal,w4_random_k4_gpu4,8,4,random_k4_gpu4,20260909,7,False,536870912,2147483648,31154.278,68.9306183889,0,True
D,plane_b_formal,w4_random_k4_gpu4,8,4,random_k4_gpu4,20260909,8,False,536870912,2147483648,35183.624,61.0364540049,0,True
D,plane_b_formal,w4_random_k4_gpu4,8,4,random_k4_gpu4,20260909,9,False,536870912,2147483648,35551.137,60.4054843028,0,True
D,plane_b_formal,w4_random_k4_gpu4,8,4,random_k4_gpu4,20260909,10,False,536870912,2147483648,35349.096,60.750737388,0,True
D,plane_b_formal,w4_random_k4_gpu4,8,4,random_k4_gpu4,20260909,11,False,536870912,2147483648,30319.915,70.8274956576,0,True
D,plane_b_formal,w4_random_k4_gpu4,8,4,random_k4_gpu4,20260909,12,False,536870912,2147483648,35436.789,60.6004016899,0,True
D,plane_b_formal,w4_random_k8_gpu4,8,4,random_k8_gpu4,20260909,0,True,536870912,2147483648,34214.81,62.7647398305,0,True
D,plane_b_formal,w4_random_k8_gpu4,8,4,random_k8_gpu4,20260909,1,True,536870912,2147483648,39216.776,54.7593113723,0,True
D,plane_b_formal,w4_random_k8_gpu4,8,4,random_k8_gpu4,20260909,2,True,536870912,2147483648,39843.28,53.8982646007,0,True
D,plane_b_formal,w4_random_k8_gpu4,8,4,random_k8_gpu4,20260909,3,False,536870912,2147483648,40603.256,52.8894443342,0,True
D,plane_b_formal,w4_random_k8_gpu4,8,4,random_k8_gpu4,20260909,4,False,536870912,2147483648,36359.172,59.0630514908,0,True
D,plane_b_formal,w4_random_k8_gpu4,8,4,random_k8_gpu4,20260909,5,False,536870912,2147483648,35619.912,60.2888532684,0,True
D,plane_b_formal,w4_random_k8_gpu4,8,4,random_k8_gpu4,20260909,6,False,536870912,2147483648,33968.438,63.2199704914,0,True
D,plane_b_formal,w4_random_k8_gpu4,8,4,random_k8_gpu4,20260909,7,False,536870912,2147483648,40017.254,53.6639432581,0,True
D,plane_b_formal,w4_random_k8_gpu4,8,4,random_k8_gpu4,20260909,8,False,536870912,2147483648,37645.073,57.0455434633,0,True
D,plane_b_formal,w4_random_k8_gpu4,8,4,random_k8_gpu4,20260909,9,False,536870912,2147483648,35581.671,60.3536480341,0,True
D,plane_b_formal,w4_random_k8_gpu4,8,4,random_k8_gpu4,20260909,10,False,536870912,2147483648,36234.648,59.2660275877,0,True
D,plane_b_formal,w4_random_k8_gpu4,8,4,random_k8_gpu4,20260909,11,False,536870912,2147483648,35912.661,59.7973970239,0,True
D,plane_b_formal,w4_random_k8_gpu4,8,4,random_k8_gpu4,20260909,12,False,536870912,2147483648,34647.076,61.9816704879,0,True
C,combine_formal,w2_random_k2,8,2,random_k2,17,0,True,268435456,134217728,7087.513,37.8744216765,0,True
C,combine_formal,w2_random_k2,8,2,random_k2,17,1,True,268435456,134217728,6878.227,39.0268387478,0,True
C,combine_formal,w2_random_k2,8,2,random_k2,17,2,True,268435456,134217728,6894.271,38.9360174557,0,True
C,combine_formal,w2_random_k2,8,2,random_k2,17,3,False,268435456,134217728,6891.411,38.952176267,0,True
C,combine_formal,w2_random_k2,8,2,random_k2,17,4,False,268435456,134217728,6892.265,38.947349819,0,True
C,combine_formal,w2_random_k2,8,2,random_k2,17,5,False,268435456,134217728,6893.131,38.9424567733,0,True
C,combine_formal,w2_random_k2,8,2,random_k2,17,6,False,268435456,134217728,6866.667,39.0925402382,0,True
C,combine_formal,w2_random_k2,8,2,random_k2,17,7,False,268435456,134217728,6868.609,39.081487387,0,True
C,combine_formal,w2_random_k2,8,2,random_k2,17,8,False,268435456,134217728,6888.864,38.9665779438,0,True
C,combine_formal,w2_random_k2,8,2,random_k2,17,9,False,268435456,134217728,6860.464,39.1278863937,0,True
C,combine_formal,w2_random_k2,8,2,random_k2,17,10,False,268435456,134217728,6874.458,39.0482356573,0,True
C,combine_formal,w2_random_k2,8,2,random_k2,17,11,False,268435456,134217728,6879.867,39.0175356588,0,True
C,combine_formal,w2_random_k2,8,2,random_k2,17,12,False,268435456,134217728,6871.634,39.0642831094,0,True
C,combine_formal,w4_mixed_k,8,4,mixed_k,17,0,True,540082176,268435456,8113.299,66.5675178494,0,True
C,combine_formal,w4_mixed_k,8,4,mixed_k,17,1,True,540082176,268435456,7837.779,68.9075535302,0,True
C,combine_formal,w4_mixed_k,8,4,mixed_k,17,2,True,540082176,268435456,7847.817,68.8194151316,0,True
C,combine_formal,w4_mixed_k,8,4,mixed_k,17,3,False,540082176,268435456,7837.88,68.9066655779,0,True
C,combine_formal,w4_mixed_k,8,4,mixed_k,17,4,False,540082176,268435456,7859.293,68.7189262444,0,True
C,combine_formal,w4_mixed_k,8,4,mixed_k,17,5,False,540082176,268435456,7857.044,68.7385963474,0,True
C,combine_formal,w4_mixed_k,8,4,mixed_k,17,6,False,540082176,268435456,7870.704,68.6192970794,0,True
C,combine_formal,w4_mixed_k,8,4,mixed_k,17,7,False,540082176,268435456,7844.653,68.8471722076,0,True
C,combine_formal,w4_mixed_k,8,4,mixed_k,17,8,False,540082176,268435456,7865.79,68.6621656566,0,True
C,combine_formal,w4_mixed_k,8,4,mixed_k,17,9,False,540082176,268435456,7861.124,68.7029203457,0,True
C,combine_formal,w4_mixed_k,8,4,mixed_k,17,10,False,540082176,268435456,7806.075,69.1874182608,0,True
C,combine_formal,w4_mixed_k,8,4,mixed_k,17,11,False,540082176,268435456,7838.489,68.9013119748,0,True
C,combine_formal,w4_mixed_k,8,4,mixed_k,17,12,False,540082176,268435456,7862.814,68.6881536305,0,True
C,combine_formal,w4_random_k2,8,4,random_k2,17,0,True,536870912,268435456,7940.903,67.6082949257,0,True
C,combine_formal,w4_random_k2,8,4,random_k2,17,1,True,536870912,268435456,7771.585,69.0812636032,0,True
C,combine_formal,w4_random_k2,8,4,random_k2,17,2,True,536870912,268435456,7791.408,68.9055061678,0,True
C,combine_formal,w4_random_k2,8,4,random_k2,17,3,False,536870912,268435456,7781.497,68.9932685189,0,True
C,combine_formal,w4_random_k2,8,4,random_k2,17,4,False,536870912,268435456,7737.395,69.3865198817,0,True
C,combine_formal,w4_random_k2,8,4,random_k2,17,5,False,536870912,268435456,7732.666,69.4289539985,0,True
C,combine_formal,w4_random_k2,8,4,random_k2,17,6,False,536870912,268435456,7721.234,69.5317499768,0,True
C,combine_formal,w4_random_k2,8,4,random_k2,17,7,False,536870912,268435456,7786.135,68.9521710065,0,True
C,combine_formal,w4_random_k2,8,4,random_k2,17,8,False,536870912,268435456,7695.18,69.7671674997,0,True
C,combine_formal,w4_random_k2,8,4,random_k2,17,9,False,536870912,268435456,7765.503,69.1353685653,0,True
C,combine_formal,w4_random_k2,8,4,random_k2,17,10,False,536870912,268435456,7737.929,69.3817314685,0,True
C,combine_formal,w4_random_k2,8,4,random_k2,17,11,False,536870912,268435456,7766.402,69.1273657995,0,True
C,combine_formal,w4_random_k2,8,4,random_k2,17,12,False,536870912,268435456,7783.454,68.9759214868,0,True
C,combine_formal,w4_sym_k4_gpu4,8,4,sym_k4_gpu4,17,0,True,536870912,134217728,7032.811,76.3380264307,0,True
C,combine_formal,w4_sym_k4_gpu4,8,4,sym_k4_gpu4,17,1,True,536870912,134217728,6815.351,78.7737729135,0,True
C,combine_formal,w4_sym_k4_gpu4,8,4,sym_k4_gpu4,17,2,True,536870912,134217728,6837.121,78.5229502301,0,True
C,combine_formal,w4_sym_k4_gpu4,8,4,sym_k4_gpu4,17,3,False,536870912,134217728,6811.24,78.8213177043,0,True
C,combine_formal,w4_sym_k4_gpu4,8,4,sym_k4_gpu4,17,4,False,536870912,134217728,6791.11,79.054957437,0,True
C,combine_formal,w4_sym_k4_gpu4,8,4,sym_k4_gpu4,17,5,False,536870912,134217728,6797.924,78.9757155273,0,True
C,combine_formal,w4_sym_k4_gpu4,8,4,sym_k4_gpu4,17,6,False,536870912,134217728,6788.836,79.0814378194,0,True
C,combine_formal,w4_sym_k4_gpu4,8,4,sym_k4_gpu4,17,7,False,536870912,134217728,6822.117,78.6956471136,0,True
C,combine_formal,w4_sym_k4_gpu4,8,4,sym_k4_gpu4,17,8,False,536870912,134217728,6816.032,78.7659025075,0,True
C,combine_formal,w4_sym_k4_gpu4,8,4,sym_k4_gpu4,17,9,False,536870912,134217728,6783.017,79.1492800328,0,True
C,combine_formal,w4_sym_k4_gpu4,8,4,sym_k4_gpu4,17,10,False,536870912,134217728,6803.317,78.9131113544,0,True
C,combine_formal,w4_sym_k4_gpu4,8,4,sym_k4_gpu4,17,11,False,536870912,134217728,6839.525,78.4953504812,0,True
C,combine_formal,w4_sym_k4_gpu4,8,4,sym_k4_gpu4,17,12,False,536870912,134217728,6804.563,78.8986613835,0,True
